sugar free white chocolate pudding mix;99257
reduced fat and reduced sodium cream of mushroom soup;6988
sugar free cheesecake pudding mix;99193
sugar free chocolate pudding mix;99023
sugar free vanilla pudding mix;99022
unsweetened dutch processed cocoa powder;10019165
vanilla sandwich cookies;18210
allergy friendly chocolate chips;98848
dry roasted salted sunflower seeds;12537
low fat shredded mexican cheese blend;1209
boneless skinless chicken breast;1055062
low moisture part skim mozzarella cheese;1029
sugar free raspberry gelatin;10319175
boneless skinless chicken breast halves;1045062
canned chipotle chiles in adobo;99223
gluten free chocolate sandwich cookies;99064
boneless skinless chicken thighs;5096
boneless skinless turkey breast;99200
textured vegetable protein;98854
low fat shredded mozzarella;1001028
albacore tuna packed in oil;15124
boneless skin on chicken breast halves;1025057
skinless chicken pieces;5011
hersheys kisses brand milk chocolates;93743
mini semisweet chocolate chips;10319903
swerve confectioners;99300
powdered peanut butter with chocolate;10099089
cooked whole wheat angel hair pasta;10420125
roasted salted sunflower seeds;12538
gluten free vanilla sandwich cookies;99068
fat free chicken broth;6984
bone in skin on chicken breast halves;1015057
reduced sodium cream of mushroom soup;6182
low fat sweetened condensed milk;98879
chicken leg quarters;1005091
sugar free caramel sauce;99256
reduced fat string cheese;10098970
butter flavored shortening;1014615
unsweetened baking chocolate;19078
gluten free all purpose flour;93620
reduced sodium cream of chicken soup;6955
cranberry juice concentrate;14430
unsalted peanut butter;16398
low fat shredded cheddar;1001168
cooked whole wheat farfalle;11120125
anchovies in extra virgin olive oil;15002
chive and onion cream cheese spread;93748
gluten free refrigerated pie crusts;10018334
bone in skin on turkey breast;99201
shichimi togarashi;1002009
refrigerated crescent rolls;93618
gluten free elbow macaroni;10398875
gluten free graham cracker squares;10099045
dutch processed cocoa powder;10019165
reduced fat cream of mushroom soup;1006988
semisweet chocolate chips;10019903
beef flavored ramen;6982
refrigerated dough sheet;93738
gluten free ladyfingers;99043
cola;14400
gluten free graham crackers;99045
garlic herb spreadable cheese;99250
reduced fat cream of chicken soup;6219
diced tomatoes with green chilies;10011885
cooked instant brown rice;10020049
chocolate covered sunflower seeds;93641
low fat graham crackers;10118617
chocolate covered caramel candy;19152
sweetened condensed skim milk;98880
whole wheat crackers;18235
gluten free white sandwich bread;18069
lasagne noodles;10620420
broccoli carrot cauliflower mix;11583
prepared whole wheat pizza crust;93769
country style beef ribs;23074
condensed cream of mushroom soup;6147
boneless skin on chicken breast;5057
reduced fat cream of celery soup;6218
pizza dough;93610
oil packed sun dried tomatoes;11956
chocolate covered espresso beans;19268
low fat greek yogurt;93652
vegetarian parmesan;1021033
low fat vanilla greek yogurt;99212
solid white tuna packed in water;15126
fat free less sodium beef broth;93741
sugar cookie dough;18205
gluten free cheerios;99071
sardines in tomato sauce;99287
cooked short grain brown rice;10020041
peanut butter candy;19151
bone in skin on chicken breast;1005057
powdered sugar substitute;99260
bone in skinless chicken thighs;1005096
ready to serve asian fried rice;93721
gluten free gingersnap cookies;99069
refrigerated spinach tortellini;93725
gluten free angel food cake mix;99204
chocolate graham cracker crumbs;18608
condensed cream of chicken soup;6016
sugar free strawberry preserves;11243028
pickle juice;93640
lightly sweetened whipped cream;93814
reduced fat crescent rolls;99268
cooked whole wheat pasta shells;10020125
boneless skin on chicken thighs;5091
gluten free shortbread cookies;99056
rotisserie chicken;99246
whole wheat angel hair pasta;10420124
chocolate covered coffee beans;19268
colby jack;1011
boneless skin on turkey breast;5191
canned chipotle chile;99223
evaporated cane juice;93625
montreal steak seasoning;1022034
boneless chicken breast halves;1045062
instant cheesecake pudding mix;99192
sugar free raspberry preserves;11443028
vegetarian chicken deli slices;10016542
low sodium vegetable broth;99253
95 percent lean ground beef;23557
gluten free corn flakes;99072
bone in skin on chicken thighs;1005091
strawberry flavored gelatin;10219172
everything bagel seasoning;99241
condensed cream of celery soup;6010
raspberry flavored gelatin;10319172
bone in skinless turkey breast;1005696
fat free vanilla greek yogurt;99033
gluten free chocolate cake mix;99040
refrigerated cheese tortellini;10093727
90 percent lean ground beef;23562
cooked hash browns;11370
roasted unsalted pumpkin seeds;12016
fresh flat leaf parsley;10211297
shredded chicken;1005114
whole wheat tortilla;93675
gluten free panko;99055
cupcakes;18139
chicken pieces;1005006
ground chipotle chile pepper;1052009
canned cannellini beans;10016051
reduced fat mozzarella;1011028
asian dressing;4016
italian seasoned breadcrumbs;18376
m&ms;19157
instant pistachio pudding mix;19202
pumpkin spice pudding mix;99203
93 percent lean ground turkey;5665
apple cider vinegar;2048
reduced fat chocolate milk;1103
candy coated chocolate pieces;19157
creme de menthe baking pieces;99054
orange juice concentrate;9214
whole wheat spaghetti;10020124
butter flavored cooking spray;4679
balsamic vinaigrette;99249
bone in chicken breast halves;1035062
italian turkey sausage;7927
gluten free funfetti cake mix;99044
dried chipotles;10098839
gluten free frozen pie crust;10018334
refrigerated pie crust;18334
instant chocolate pudding mix;19184
gluten free chocolate cookies;99070
reduced fat coleslaw dressing;42230
concentrated crushed tomatoes;10111887
shredded mexican cheese blend;1001251
dulce de leche;98861
low sodium chicken broth;6970
sugar free mini marshmallows;10099258
pimento stuffed green olives;1049195
cooked long grain white rice;10320445
gluten free sugar cookie mix;99046
partially defatted soy flour;16118
unbleached all purpose flour;20581
farm raised catfish fillets;15234
gluten free vanilla cake mix;99039
artificial vanilla;1012050
no salt added diced tomatoes;11885
cajun stewed tomatoes;10011533
whole wheat farfalle;11120124
roasted pumpkin seeds;12516
fire roasted tomatoes;98849
sugar free apricot preserves;11343028
cooked gluten free spaghetti;10098876
unseasoned rice vinegar;1022053
nondairy butter;4628
gluten free macaroni;10398875
lean strip steak;23585
ground all white meat turkey;1005662
canned whole tomatoes;10011531
chocolate digestive biscuits;18174
cooked long grain brown rice;20037
miniature peanut butter cups;10019150
cooked whole wheat spaghetti;10120125
unsweetened shredded coconut;10012108
gluten free cornbread mix;99049
dried sweetened cranberries;9079
80 percent lean ground beef;10123572
sugar free cherry preserves;11343028
part skim mozzarella cheese;1028
sugar free strawberry jelly;10343028
kosher dill sandwich slices;10211937
chocolate sandwich cookies;18166
lemonade concentrate;14292
condensed french onion soup;6354
gluten free yellow cake mix;99042
whole wheat lasagne noodles;10120124
expeller pressed canola oil;1024582
canned great northern beans;16026
gluten free pizza dough mix;99067
reduced fat parmesan cheese;1204
sliced chicken breast;7961
fudge ice cream topping;19348
reduced fat evaporated milk;98993
skinless chicken drumsticks;5071
skinless rotisserie chicken;5342
no calorie sweetener packet;19868
cooked black lentils;10093718
scotch bonnet chili;10011819
cooked gluten free farfalle;10198876
green hot sauce;1006168
gluten free hamburger bun;99059
whole wheat hamburger bun;18351
unsalted sweet butter;1001145
skim milk mozzarella;42304
skinless chicken leg;5080
dried red kidney beans;10016032
85 percent lean ground beef;23567
instant vanilla pudding mix;19206
gluten free lasagne noodles;99052
whole cranberry sauce;9081
light chocolate ice cream;19114
amaranth flour;93763
cooked instant white rice;20049
vegetable oil cooking spray;4679
lemon;9150
bittersweet chocolate chips;10019071
sweet potato vermicelli;99031
whole wheat english muffins;18266
aluminum free baking powder;18370
veggie sausage patties;98972
parmigiano reggiano;1033
gluten free white cake mix;99041
dried black lentils;93718
cooked pastina;10093647
orange flavored gelatin;10119172
whole wheat wrap;93675
sundried tomato wrap;99019
italian salad dressing mix;93670
cooked cellophane noodles;10016082
sugar free chocolate syrup;99259
cooked short grain rice;10120053
light salad dressing;4011
sunflower kernels;12036
low fat ricotta cheese;1037
cooked beef patties;23569
marinated artichoke hearts;93828
sugar free chocolate chips;99211
unsweetened coconut flakes;12108
sugar free pancake syrup;99301
whole wheat ravioli;98868
cooked whole wheat pasta;20125
smoked sausage;7916
crushed shortbread cookies;10218192
oven ready lasagne noodles;12420420
cooked orecchiette;10820421
lean ground beef;23557
whole wheat elbow macaroni;10220124
low carb tortilla;99086
chicken tenderloins;1015062
cooked gluten free fusili;10298876
sesame seed burger bun;10018350
cooked quick cooking grits;8164
butter lettuce leaves;10011250
cooked mostaccioli;12120421
sugar free blueberry jelly;10243028
extra sharp cheddar cheese;1021009
seasoned rice vinegar;1032053
clabber girl baking powder;10218369
dried great northern beans;16024
reduced sodium tomato soup;6956
canned green chiles;11980
strawberry jello;10219172
vegetable shortening;4615
frozen low fat waffles;18505
low fat vanilla yogurt;1001119
chocolate crumb crust;28111
shredded mozzarella;1001026
sugar free raspberry jelly;10443028
limeade concentrate;14303
cooked medium grain rice;10220053
light asian dressing;99216
red skinned sweet potato;11508
bone in bison short ribs;10093795
buttermilk biscuits;18009
macaroni and cheese;32004
tri color tortilla chipps;99103
hamburger bun;18350
vinaigrette;4135
low fat cottage cheese;1016
cherry flavored gelatin;10419172
chicken drumsticks;5066
aged balsamic vinegar;1002069
cooked gluten free pasta;98876
sugar free syrup;12711111
sweetened shredded coconut;12179
dried arbol chile;11962
fat free greek yogurt;1011256
cooked angel hair pasta;10020421
cooked spinach tortellini;93725
blanched slivered almonds;10012062
pickled jalapenos;11632
yellow miso;10216112
thai chili;11670
low fat chocolate milk;1104
fat free parmesan cheese;1185
chicken bouillon granules;1006080
bison sirloin tip roast;10117267
whole grain dijon mustard;1012046
whole wheat hot dog bun;10018351
turkey tenderloin;99008
gluten free fusili;10298875
vegan buttery spread;4673
sweet butter;1011001
cooked quinoa;20137
quick cooking oats;8402
reduced fat cream cheese;43274
mini chocolate chips;10019146
reduced fat creme fraiche;99276
dark chocolate bar;10019904
diced green chiles;10011980
whole wheat penne;99182
dark chocolate couverture;10099277
cooked rolled oats;8121
instant lemon pudding mix;19332
american cheese;1253
light vanilla ice cream;19088
chocolate hazelnut spread;19125
cocktail turkey sausages;99035
any color food color;10711111
caramel sauce;19364
whole wheat fusilli;99181
reduced fat peanut butter;16150
sausage patties;1047063
splenda brown sugar blend;98842
chinese five spice;1002002
canned white kidney beans;10116034
chocolate covered raisins;19127
cooked udon noodles;10098966
cooked quick cooking oats;8123
low fat half and half;98909
rolled oats;1008120
ice cream sandwiches;98882
cooked jumbo pasta shells;10520421
sugar free blackberry jam;11143028
sugar free strawberry jam;11043028
curly leaf lettuce leaves;10011253
pineapple chunks;1029354
freeze dried strawberries;98946
unsweetened coconut;12108
silver tequila;10099314
low sodium beef broth;10093741
lemon flavored gelatin;19172
maraschino liqueur;99196
gluten free hot dog bun;99058
queso fresco;1228
artichoke hearts;99242
dry ranch dressing mix;93733
sugar free raspberry jam;10643028
gluten free french bread;99051
instant white rice;20048
butter crackers;18621
whipped cream stabilizer;99269
peanut butter cookie mix;99047
dried cannellini beans;10016049
fat free vanilla yogurt;43261
portobello mushroom caps;11265
haricots verts;10111052
light coconut milk;99009
lower sodium soy sauce;16424
cooked farfalle;10120421
vital wheat gluten;48052
gluten free pie dough;93826
cherry tomato;10311529
cooked yellow split peas;16086
dried shiitake mushrooms;11268
thousand island dressing;4017
real bacon pieces;99229
nonfat plain yogurt;1118
red bean paste;99082
sweetened coconut flakes;12109
reduced fat swiss cheese;43589
korean bbq marinade;99000
fat free ricotta cheese;93630
instant brown rice;10020048
white miso;10116112
peppermint crunch;98858
low sodium baking powder;18371
gluten free stuffing mix;99078
whole wheat breadcrumbs;99025
dried spinach tortellini;93724
graham cracker pie crust;18942
fiori di sicilia;13611111
string cheese;98970
red flesh navel orange;1009202
nutritional yeast flakes;93690
mandarin orange sections;9383
unsweetened cocoa powder;19165
crispy chow mein noodles;20113
fat free whipped topping;1200
whole wheat pasta shells;10320124
sazon completa;98999
flat leaf parsley;10311297
dried white kidney beans;16027
vegetable bouillon cube;98845
cranberry juice cocktail;14242
boneless beef short ribs;13149
veggie burger;16147
whole wheat pastry flour;10020080
sliced swiss cheese;1040
cooked chow mein noodles;10093803
aji amarillo chili paste;1006973
chocolate protein powder;99075
gluten free breadcrumbs;93694
shiitake mushrooms;11238
unsweetened coconut milk;12117
risotto rice;10020052
angel food cake;18088
boneless pork loin;10225
sweetened condensed milk;1095
block style cream cheese;1186
low fat plain yogurt;1117
cooked cheese tortellini;93727
jerk seasoning;1012009
ribeye steak;10023232
1 percent chocolate milk;1103
low sodium chicken stock;1006970
brown rice pasta;99038
lime flavored gelatin;19172
mackerel fillets;10015050
teriyaki sauce;6112
butterscotch pudding mix;10019206
roasted red peppers;11916
sugar free blueberry jam;10743028
short grain brown rice;10020040
milky way;19135
bocconcini;93790
fresh mozzarella;1021026
olive oil spray;1004679
dried cheese tortellini;10093726
chipotle pepper flakes;1082009
distilled white vinegar;2053
boneless pork rib roast;10194
whole grain spelt flour;10093823
maraschino cherry syrup;99032
country style pork ribs;10110204
light buttery spread;4674
chocolate chip cookies;28027
mixed mushrooms;10011238
instant espresso;10014214
canned diced tomatoes;11531
sugar free marshmallows;99258
egg replacer;1144
whole wheat chex;99180
canned red kidney beans;10016034
red leaf lettuce leaves;10011257
chickpea rotini;10099221
dried porcini mushrooms;10011268
red pepper flakes;1032009
chocolate milk;1102
finely grated lime zest;1009159
boneless chicken breast;5062
peppermint candy;98859
frozen artichoke hearts;11009
creme de menthe;14034
veggie crumbles;22120
hungarian sweet paprika;1002028
sweetened coconut;12109
urad dal;93718
shredded wheat cereal;8147
italian seasoning;1022027
seasoned soybean paste;99166
oreo cookies;10018166
applesauce;9019
fat free cottage cheese;1014
gluten free flour mix;10093620
turkey pepperoni;7278
chocolate wafer cookies;10118157
quesadilla cheese;98973
gochugaru;1072009
refrigerated tortellini;93727
bourbon vanilla extract;1042050
cooked macaroni;20400
cottage cheese;1012
lean lamb loin chop;17026
gummy worms;93642
strawberry jam;10819297
canned mandarin oranges;9383
gluten free pancake mix;10018292
gluten free pizza dough;93827
sweetened whipped cream;1001054
chipotle chiles;98839
bratwurst;7013
plain yogurt;1001116
shredded cheddar cheese;1001009
boneless chicken thighs;5091
ras el hanout;1062027
soy lecithin granules;98965
coffee liqueur;93716
cooked israeli couscous;10020029
homemade granola;8037
canned baby limas beans;10116073
lean bone in pork chop;10040
chicken bouillon powder;1016080
canned peas and carrots;11318
yellow split peas;16085
gluten free bread flour;93825
whole wheat pita;18042
instant potatoes flakes;11378
reduced fat feta cheese;99255
pie crust;18334
yellow mustard;1042046
high gluten flour;98883
tennessee honey;10114052
finely crushed pretzels;19047
catalina dressing;93649
chicken bratwurst;99012
bone in beef short ribs;10013149
cooked wide egg noodles;20410
bakers white chocolate;19087
whole wheat pizza dough;93771
poultry seasoning;2034
moong dal;99237
boneless turkey breast;5696
white chocolate chips;10019087
sun dried tomatoes;11955
whole wheat flour;20080
provolone cheese slices;1001035
cooked chicken breast;5064
carrot leaves;99107
no calorie sweetener;19868
fat free cheddar cheese;42205
bone in pork loin;10020
black peppercorns;1022030
mixed vegetables;11583
white whole wheat flour;93824
cooked bucatini;11620421
instant coffee;14214
sub bun;98940
cooked anellini pasta;98885
hot fudge sauce;10019348
evaporated milk;1214
chickpea elbow macaroni;10299221
gluten free brownie mix;99053
nutritional yeast;93690
salted roasted cashews;12585
german sweet chocolate;93744
grated parmesan cheese;1032
frozen baby lima beans;11039
turkey burgers;99026
carrot quickbread mix;93671
fresh cilantro;11165
powdered peanut butter;99089
asian vegetables;10111583
cooked rice vermicelli;20134
turkey bratwurst;99013
cooked long grain rice;10220445
coconut extract;1032050
refrigerated pie dough;18334
imitation lobster;10093735
italian toast crackers;99251
chicken bouillon cube;6080
butterfinger candy bar;19069
banana bread mix;93671
vanilla protein powder;99076
bone in chicken thighs;1005091
split peas;16085
pink himalayan salt;1032047
prepared polenta;1008166
vegetarian baked beans;16006
sliced roast beef;10093713
pimento cheese;99060
golden delicious apple;9501
white asparagus;10011011
beef bouillon cube;6076
italian dressing;4114
wheat bran;10020077
fat free half and half;1199
nonfat dry milk powder;1154
boneless chicken wings;1015100
cinnamon bagels;18005
cream of mushroom soup;6147
strawberry pie filling;99183
sundried tomato paste;93797
low sugar ketchup;99225
boneless pork shoulder;10958
low fat buttermilk;1088
red miso;10016112
beef sirloin tip roast;23653
gluten free croissant;99080
serrano pepper;11977
granulated lemon sugar;10119335
pickled mustard greens;43143
arrowroot;20003
buttery round crackers;18621
barbecue sauce;6150
gluten free muffin mix;99077
ground turkey;5662
dried fenugreek leaves;98963
bone in chicken breast;1005062
amaretti cookie crumbs;10093766
shoulder joint of pork;10083
orange jello;10119172
gluten free baking mix;99207
white button mushrooms;11260
top sirloin steak;23584
bittersweet chocolate;19903
gluten free pie crust;10018334
chinese cabbage;11970
coconut creamer;98976
granulated sugar;10719335
extra virgin olive oil;1034053
skim milk quark;10093676
pork sirloin tip roast;10963
mini marshmallows;10119116
unbleached flour;10020081
canned water chestnuts;11590
sugar free apricot jam;10543028
coconut pecan frosting;19227
lemon pepper;1012030
canned cranberry beans;16021
microwave popcorn;25026
bread flour;10120129
hot giardiniera;99014
romaine;10111251
romanesco;98938
cooked corkscrew pasta;11320421
tomato and basil sauce;6233
snickers bar;19155
ciabatta sandwich roll;93699
canned blackeyed peas;10016063
anchovies in olive oil;15002
sugar free grape jelly;10243028
fresh fenugreek leaves;99142
tenderloin steak;10023583
light mayonnaise;4641
allspice berries;1002001
hot chocolate;14194
veggie deli slices;98982
chocolate wafer crumbs;10018157
graham cracker squares;10218617
salted peanuts;16092
dried hibiscus;10014649
marmite;43406
king trumpet mushrooms;10011987
sundried tomato pesto;93697
hot cocoa mix;14197
burrito size tortilla;10118364
pecorino romano;1038
champagne vinegar;1032068
beef bouillon granules;1006076
oil cured black olives;1039195
bone in pork rib roast;10044
dried cilantro;2012
teff flour;93760
applewood smoked bacon;10123
white balsamic vinegar;1012069
dark chocolate chips;10019071
milk chocolate chips;10099278
hamburger helper;99037
cooked lasagne noodles;10620421
cooked cavatappi;10320421
iceburg lettuce leaves;10011252
light sour cream;1179
canned anchovies;15002
yellow cherry tomato;10011696
ground coriander;1002013
coconut milk beverage;99001
rainbow trout fillets;10015115
french fries;11408
fresh tarragon;2041
red kidney beans;10016033
chicken sausage;93668
pepper and onion mix;10011583
graham cracker crumbs;10018617
shelled edamame;99296
lemon jello;19172
crunchy peanut butter;16097
baked tortilla chips;19433
cooked pearl barley;20006
vine ripened tomatoes;10611529
gluten free spaghetti;10098875
oat flour;20132
long grain white rice;10220444
captain crunch;99106
bone in turkey breast;1005696
pico piquin seasoning;99198
braggs liquid aminos;93767
cooked elbow macaroni;20400
orange food color;1461111
light ice cream;19088
vegetable oil;4669
chocolate mint;1002064
italian sausage;7036
cheez whiz;1001188
sweet dumpling squash;10111643
cinnamon sugar butter;93674
condensed tomato soup;6159
pork shoulder;10072
lean pork loin chops;10066
cooked farfalle tonde;10120421
fat free cream cheese;1186
lean pork tenderloin;10060
half and half;1049
sweet italian sausage;1007036
sugar free cherry jam;10843028
swerve;99084
yellow food color;1431111
chicken thigh fillets;5091
sunflower seed butter;98928
orange extract;12511111
broccoli coleslaw mix;11741
jaegermeister;99318
fresh rosemary;2063
wild boar tenderloins;10217158
raspberry vinaigrette;98952
peanut sauce;99028
dried blackeyed peas;16062
chocolate cupcake mix;10118099
panko;10018079
schisandra berries;99123
mozzarella;1026
cooked kamut;20139
buffalo sauce;98878
egg substitute;1226
canned gigante beans;10216051
cream of chicken soup;6016
cooked glutinous rice;10020055
gluten free tortilla;99261
waffle cone;18272
graham crackers;18617
chocolate soy pudding;93700
dried rosemary;2036
defatted peanut flour;16099
long grain brown rice;20036
douchi;99202
blueberry pie filling;44158
coarse grain mustard;1012046
ground beef;10023572
chocolate milk powder;14175
canned chicken breast;99247
calumet baking powder;10018369
seedless green grapes;1029132
coconut milk;12118
light muscovado sugar;10119334
chicken breast halves;1045062
vanilla wafer cookies;18609
sweet corn on the cob;11167
chocolate eggs;99112
table syrup;19113
ladyfingers;18423
salt and pepper;1102047
cauliflower florets;10011135
chili powder;2009
cocoa krispies cereal;8014
ricotta salata cheese;1001036
nacho cheese doritos;19057
cream cheese frosting;19228
scoops tortilla chips;10019056
seasoned breadcrumbs;18376
carbiquick;99087
petite tomatoes;10311693
lions mane mushrooms;99281
whole coriander seeds;2013
dried baby lima beans;11031
dill pickle slices;10211937
blanched almond flour;10193740
ramen noodles;6583
ground cayenne pepper;2031
fernet branca;99310
dried cranberry beans;16019
chocolate malt powder;14317
chanterelle mushrooms;11239
chicken wings;5100
pretzel roll;99156
salt packed anchovies;93796
chipotle chile puree;10099223
lean bacon;99006
caesar salad dressing;43015
green enchilada sauce;6599
tahitian vanilla bean;10093622
frosted flakes;8069
quick cooking tapioca;93660
devils food cake mix;10218099
bison sirloin;10017267
vanilla frozen yogurt;19293
nutter butter cookies;99264
horseradish sauce;2055
fruity pebbles cereal;8034
cooked steel cut oats;10093695
fruit pectin;19310
hash browns;11390
canned borlotti beans;10016021
bacon ends and pieces;99245
turkey breast cutlets;99199
straw mushrooms;11989
greek yogurt;1256
hollandaise sauce mix;93802
raisin bread;18047
bison ribeye;17268
canned chickpeas;16058
coconut sugar;10093831
margarine;4073
chicken stock powder;1016080
fresh lasagne sheets;10020093
full bodied red wine;14096
white sandwich bread;18069
mini rice cakes;10019816
blackening spice;99003
cooked wheatberries;10098872
dried cherries;93822
creamy peanut butter;10116098
green cardamoms;1022006
canned pumpkin;11424
ham slices;10010151
sprouted grain bread;98895
vanilla extract;2050
red leicester;93667
leftover turkey;5166
boneless chuck steak;23078
monk fruit extract;99291
durum flour;20076
grissini;98914
yellow squash;10211641
ground chorizo;99232
ricotta cheese;1036
whole wheat pretzels;19050
crimini mushrooms;11266
heavy cream;1053
cooked arborrio rice;10020053
yellowtail snapper;10015101
chili without beans;22911
cooked green lentils;10216070
edamame in the pod;11212
dark muscovado sugar;10019334
strip steak;13913
sriracha;1016168
unsulfured molasses;19304
dried chickpeas;16056
lime jello;10019172
tuna packed in water;15121
cooked ramen noodles;1006583
sliced turkey;7081
vegan protein powder;10016122
sugar free preserves;43028
savoy cabbage leaves;10011114
whipped butter;4602
butterscotch pudding;19201
sugar free grape jam;10943028
meyer lemon juice;1009152
strawberry preserves;10819297
tapioca starch;93696
unsweetened soymilk;16222
blue cheese crumbles;1001004
rice krispies cereal;8065
yellow pepper;11951
cooked brown lentils;16070
long sweet pepper;10111821
thai red curry paste;93605
beef bouillon powder;1026075
veggie meatballs;98969
white corn tortilla;18363
red cinnamon candy;93737
ranch dressing;4639
cooked fusilli;11320421
canned albacore tuna;10015126
white cheddar cheese;1011009
peperoncini;11976
white cheese dip;99263
collagen powder;99197
apricot pie filling;98941
almond joy bar;19065
canadian bacon;10130
orange pepper;10011821
great northern beans;16025
white sweet potato;10011507
green food color;1441111
prepared pizza crust;93770
midori melon liqueur;93781
semisweet chocolate;19903
strong coffee;10014209
seasoning;1042027
jerusalem artichoke;11226
black lentils;93718
italian cheese;93651
deep dish pie crust;18945
pineapple with juice;9354
canned boysenberries;98935
black cardamoms;1012006
psyllium seed powder;98894
corn flake crumbs;1008020
spring roll wrappers;10118368
cooked instant grits;8093
vegetable tortellini;10193727
yellow mustard seeds;2024
cauliflower rice;10111135
worcestershire sauce;6971
green chili pepper;31015
flour tortilla;10218364
orange flower water;12411111
buffalo mozzarella;98870
portobello mushrooms;11265
psyllium husk powder;98893
pomegranate molasses;99279
fat free feta cheese;99254
whole wheat couscous;99024
dried parsley;2029
dry israeli couscous;10020028
gluten free pretzels;93635
black beans;16015
dumpling wrappers;10018368
red delicious apple;1059003
dried gigante beans;10216049
cream of celery soup;6010
quick cooking barley;20005
filo pastry;18338
vegan buttery stick;4628
chicken fat;4542
red jalapeno;10111819
jarred sour cherries;9065
fresh cayenne pepper;10411819
red potato;10011355
yellow passion fruit;1009231
whole grain tortilla;93675
strawberry ice cream;19271
pomegranate seeds;9286
marinated artichokes;93828
low sodium broth;1016970
tamarind paste;9322
fresh parsley;10511297
vegan cheddar cheese;10193701
grapefruit juice;98926
arbol chile;11962
dried borlotti beans;10016019
cocoa pebbles cereal;8015
chana dal;99236
fresh oregano;1002027
monterey jack cheese;1001025
cream of potato soup;6053
powdered sugar;19336
tartlet shells;10098852
candy melts;93775
canned smoked salmon;35066
corn tortilla chips;19056
dried chili pepper;10111962
gluten free crackers;99057
stone ground mustard;1002046
veggie sausage;98971
evaporated skim milk;1097
in shell walnuts;10012155
ancho chili pepper;10211962
blue cheese dressing;43020
sharp cheddar cheese;1031009
hawaiian roll;98871
malted milk balls;98864
gluten free farfalle;10198875
chili seasoning mix;1022028
apple butter;19294
ginger garlic paste;10093754
crescent roll dough;93618
fat free mayonnaise;42193
shirataki pasta;98923
alfredo sauce;93606
miracle whip;4014
peanut butter chips;93762
sweet potato leaves;11505
canned kidney beans;16034
grana padano;1011033
low fat yogurt;1117
red enchilada sauce;6599
red velvet cake mix;10018099
cellophane noodles;16082
pulled pork;98944
spicy brown mustard;1022046
halloween sprinkles;93645
canned butter beans;10016073
boursin cheese;99188
almond extract;1002050
chopped dried pears;9259
baby arugula;10011959
malted barley flour;20131
water;14412
mostaccioli;12120420
coconut oil;4047
raspberry preserves;10719297
colored nonpareils;93645
pineapple preserves;10219297
sweet pickle relish;11945
buttermilk powder;1094
veggie dogs;98968
deli turkey;7259
whole garlic cloves;10211215
chili garlic sauce;93749
pickled green beans;98942
fat free buttermilk;93650
salted pork fat;10894
tahini;12698
bouillon granules;1036076
cooked bacon;10862
ground pork sausage;7063
unsalted pistachios;12152
gluten free granola;99214
marinated mushrooms;99243
roasted cashews;12085
mild cheddar cheese;1051009
ground black pepper;1002030
fine sea salt;1012047
sesame oil;4058
cheerios;8013
dried apricots;9032
puffed rice cereal;8066
napa cabbage leaves;10011119
caramel popcorn;19039
rice protein powder;93707
wheat thins;93728
gingersnap cookies;18172
benedictine;99306
rye flour;20064
hemp protein powder;93601
chocolate ice cream;19270
gluten free pasta;98875
cabernet sauvignon;10014097
maraschino cherries;9328
off dry riesling;14132
sheep cheese;1011019
filet mignon;23374
medium grain rice;10220052
butter lettuce;11250
stilton;1021004
escarole;11213
ground white pepper;2032
veggie bacon;16542
wheat chex cereal;1008082
orecchiette;10820420
candied orange peel;9426
corned beef brisket;10013346
black mustard seeds;1012024
kefir;93611
red snapper fillets;15101
zaatar;1002042
imitation crab;93735
candied ginger;93751
elderflower liqueur;99126
quick cooking grits;8314
black nightshade;99116
crab boil seasoning;1002034
beefsteak tomato;10011529
bread machine yeast;10218375
baking soda;18372
modeling chocolate;99275
coleslaw dressing;43016
decaf coffee;14201
potato starch;11413
whey protein powder;10099239
beef patties;23507
banana pepper rings;98903
pastina;93647
angel food cake mix;18087
canned adzuki beans;99007
chocolate sprinkles;10093645
coconut milk powder;98979
marshmallow bunnies;98850
canned coconut milk;12117
pumpkin pie mix;11426
honey dijon mustard;10099227
cowpea green beans;99118
strawberry cake mix;99065
garden cress;11203
wild boar stew meat;10017158
green pepper;11333
cooked pasta shells;11020421
dried green lentils;10216069
langostino tails;99004
brown mustard seeds;1022024
whole grain mustard;1012046
seedless red grapes;9132
granny smith apple;1089003
chickpea flour;16157
cheddar cheese soup;6038
cooked rice noodles;20134
cooked jasmine rice;10120445
golden oreos;10018210
shortbread cookies;18192
passion fruit juice;9232
boneless pork roast;10225
sunflower seeds;12036
yukon gold potato;10211362
ground bison;17149
canned tomato sauce;11549
dry roasted peanuts;16090
ener g egg replacer;93658
chicken breast meat;1075062
tomatoes in juice;10111693
japanese persimmon;9263
dried egg whites;1173
lucky charms cereal;8050
dijon mustard;1032046
freekeh;98869
baby spinach;11457
cooked basmati rice;10020445
pimenton de la vera;1042009
conversation hearts;99117
cooked risotto rice;10020053
watermelon radish;10011429
dried brown lentils;10116069
psyllium husks;98892
seedless watermelon;1009326
whole wheat pasta;20124
beef shoulder roast;13943
nonfat sour cream;1180
cooked soba noodles;20115
punt e mes;99321
baby back ribs;10192
canned corona beans;10116051
ground coffee;10093715
chinese egg noodles;10098967
spaghetti sauce mix;99224
sherry vinegar;1012068
blue food color;1421111
fingerling potato;10111352
spinach tortellini;93725
protein powder;99239
tangerine;1019218
porterhouse steak;10023003
low fat cheese;1168
cooked red lentils;10116070
chocolate frosting;19226
coconut meat;10012104
chicken leg;5075
pea protein powder;98890
chartreuse;99091
gluten free bagel;99073
unbaked pie crust;18334
cooked sticky rice;10120055
digestive biscuits;18173
froot loops cereal;8030
turmeric;2043
red food color;1451111
bone in pork roast;10020
lemonade mix;14287
canned pigeon peas;10016102
pumpernickel;18044
marshmallow cream;93644
country style ribs;10204
peppermint patties;19091
dried basil;2003
white wine vinegar;1002068
miso;16112
cooked spaghettini;11420421
pickle relish;11944
colored sprinkles;93645
cheesecake mix;98951
sirloin tip steak;23032
tomato concentrate;10011887
wild boar shoulder;10117158
cooked white rice;10220445
pineapple in juice;9354
coarse kosher salt;1082047
curly parsley;10411297
vegetable broth;6615
lower sodium shoyu;10016424
fresh green beans;10211052
dried onion flakes;10011284
chickpea spaghetti;99222
mini peppers;10311821
apple;9003
red chili pepper;10511819
safflower oil;4511
chocolate cake mix;18099
brewed coffee;14209
mixed greens;21052
butterflied trout;15114
canned lychees;98950
chestnut mushrooms;10011266
jarrahdale squash;10411643
self rising flour;20129
ancho chili powder;1022009
tiger shrimp;10115149
taco seasoning mix;2073
fresh thyme;1012049
nutri grain cereal;99228
pink banana squash;10211643
marzipan;93704
extra dry prosecco;99308
dried strawberries;98897
jumbo pasta shells;10520420
yeast dinner rolls;18347
sweet yellow onion;11294
peppermint extract;1022050
bean sprouts;11043
caramelized onions;10211282
trimmed watercress;11591
lean rack of lamb;10017032
canned white beans;16051
chicken drumettes;1005100
puff pastry sheets;18337
fresh corn;11167
ovaltine;14557
vanilla paste;93813
canned pinto beans;16044
goldfish crackers;99121
sesame seeds;12023
butternut squash;11485
raisin bran;8061
sweet chili sauce;98962
bison tenderloin;10017267
mini filo shells;93817
gochujang;1016973
dried kidney beans;16032
coffee beans;93715
dried adzuki beans;16001
yellow spice drops;19106
corn flakes;8020
walla walla;11294
dried butter beans;10016071
nacho cheese;98901
plain greek yogurt;1001256
cooked tagliatelle;10220410
tagatose;99191
curly leaf lettuce;11253
peanut butter cups;19150
prime rib;13833
desiccated coconut;12108
strawberry sauce;19137
spinach fettuccine;10320409
tempura batter mix;99252
defatted soy flour;16117
jumbo marshmallows;10019116
cress seed;99119
cocoa puffs cereal;8271
canned black beans;16018
vegan cream cheese;93634
cooked egg noodles;20410
gingerbread spice;1052035
barbecue seasoning;1062034
puff pastry shells;10018337
cucumber;11206
cooked short pasta;20400
cherry pie filling;19314
liquor;10814037
fresh corn kernels;10011167
black sesame seeds;10012023
bison short ribs;93795
belacan;93657
soy flour;16115
yellow curry paste;10193605
red belgian endive;10011151
caviar substitute;10015072
sweet potato puree;10011508
white shoepeg corn;11901
thick cut bacon;10310123
golden brown sugar;19334
canned fava beans;16054
rump roast;23618
pepperjack cheese;1025
banana pudding mix;19318
andouille sausage;7064
garlic oil;1004053
short grain rice;10120052
yardlong beans;11199
strawberry yogurt;1197
white kidney beans;16028
chocolate shavings;10219903
ground fennel;98953
cocktail sausages;7235
herbes de provence;1012042
cooked grain blend;10020089
cooked pappardelle;10120410
kaffir lime leaves;93633
dried corona beans;10116049
soy buttery spread;4673
cooked penne;11120421
white fish fillets;10015261
turkish bay leaves;1012004
jumbo shrimp;10415149
fresh basil;2044
bacon;10123
malted milk powder;14311
dry onion soup mix;6094
orange zest;9216
bran flakes;8029
soy protein powder;16122
swiss cheese;1040
bone in pork chops;10036
bison strip loin;17267
spaghetti squash;11492
butterscotch chips;19070
blood orange juice;1009206
turkey wings;5195
hot cherry pepper;99267
gingersnap crumbs;18172
marshmallow chicks;98850
chipolata;99286
angel hair pasta;10020420
pineapple tidbits;1039354
rice vinegar;1022053
berbere;98995
gorgonzola;1011004
baby leaf lettuce;10111253
horseradish root;98949
fresh mint;2064
sweet corn;10111168
english cucumber;10111205
capellini;11720420
fiddleheads;11995
ground cumin;1012014
masa harina;20317
taco salad shells;98985
grape nuts cereal;8038
dried mung beans;16080
spinach wrap;99018
chocolate cookies;18157
apricot preserves;19719
roasting chicken;5109
blood orange zest;1009216
framboise liqueur;10214534
cinnamon schnapps;93731
gluten free flour;93620
cavatelli;12220420
cooked fettuccine;10020410
raw pumpkin seeds;10012014
kit kat;19109
mung bean sprouts;10011043
dried fruit;1009094
lemon zest;9156
fresh herbs;10111297
dry seasoning rub;1012034
physalis;9138
sourdough starter;93819
cooked buckwheat;20010
cheese tortellini;10093727
ground round;10023562
gluten free wrap;99262
cooked black rice;10020037
cooked long pasta;11420421
basil oil;1044053
asafoetida;1032035
amaretti cookies;93766
seedless cucumber;11205
vegan cheese;93701
bison back ribs;93794
sugar substitute;10219868
artichoke bottoms;98959
green beans;11052
marshmallow peeps;98850
frozen cheesecake;98855
dried pigeon peas;16101
veggie nuggets;98981
chow mein noodles;93803
angostura bitters;93653
cooked cannelloni;10220421
canned navy beans;16039
hungarian paprika;1002028
pork belly slices;10010005
cornish hens;5307
pointed pepper;10411821
golden kiwi;1009148
dried mango;93638
pumpkin pie spice;1002035
canned beef broth;6008
egg roll wrappers;18368
gravlax;93689
turkey meatballs;99213
curry powder;2015
pomegranate syrup;10142040
littleneck clams;10015157
multigrain bread;18075
crushed ice cubes;10114412
shortcrust pastry;10018338
tuna in olive oil;15119
romaine hearts;10011251
pork rinds;98873
all purpose flour;20081
cumin seeds;2014
funfetti cake mix;98866
double gloucester;93667
starburst candies;19156
soft cheese;1001017
seafood seasoning;1032034
chocolate extract;13411111
green peppercorns;93836
lean filet mignon;23583
cooked tortellini;93727
whole wheat rolls;18351
dried pinto beans;16042
dried fava beans;16052
raspberry liqueur;10114534
nondairy creamer;1067
light brown sugar;19334
almond bark;98857
beef stock powder;6075
cooked brown rice;20041
liquid egg whites;93833
lebanese cucumber;10211205
cooked split peas;16086
raspberry vinegar;1002048
emmantaler cheese;1001040
watercress;11591
fat free yogurt;1118
dried white beans;10316049
pasta dough;10118334
gluten free bread;10099050
soy nuts;16111
tart cherries;1019070
wide egg noodles;20409
crushed pineapple;1019354
mango puree;1009176
dried red lentils;10016069
mascarpone;93820
acai powder;99094
white grape juice;1009135
breadstick dough;98918
cooked orzo;10920421
red pepper;11821
baharat;10093663
hollandaise sauce;93801
granulated garlic;1002020
truffle mushrooms;98916
bluefish fillets;15005
fresh ginger;10211216
aioli;93758
farfalle;10120420
chocolate chips;99278
breakfast sausage;1027063
whole wheat bread;18075
tricolor pasta;12020420
canned jackfruit;9420
jalapeno pepper;11979
ground chuck;10023572
watermelon;9326
almond oil;4529
mahi mahi fillets;15023
dried black beans;16014
old bay seasoning;1052034
mixed baby greens;21052
potstickers;99034
herring fillets;10015039
mixed fresh fruit;9431
canned lima beans;16073
chinese rice wine;43479
sunflower shoots;98986
vanilla ice cream;19095
lean chuck steak;23079
turkey drumsticks;5193
split pigeon peas;99234
chicken seasoning;1082034
beef franks;7241
whole kernel corn;11177
lamb stock powder;98844
rubbed sage;1002038
dried blueberries;93686
whitefish fillets;10015261
delicata squash;11643
pinot grigio;14113
peppercorns;1022030
steel cut oats;93695
heirloom tomato;10811529
puff pastry dough;18337
dehydrated garlic;2020
pattypan squash;11475
everything bagel;10118408
lobster mushrooms;10111260
japanese eggplant;10011209
green curry paste;10093605
red currant jelly;10319297
apple pie filling;19312
pomegranate juice;9442
cube steak;13874
2 percent milk;1174
decorating gel;98881
lancashire;93667
manzanilla olives;1069195
raspberry extract;14011111
hawaiian rock cod;15070
cooked mung beans;16081
spaghetti;11420420
cooked sushi rice;10220055
lemon pie filling;93753
whole grain wrap;93675
almond meal;93740
neufchatel;1031
fresh sage;99226
marrow bones;10035021
pepperoni;7057
european seabass;15004
corn flour;20019
dried cranberries;9079
white peppercorns;1002032
pappardelle;10120409
mixed seafood;99284
ground flaxseed;12220
cake flour;10020129
sparkling water;14121
canned soybeans;10016409
creamed corn;11174
sukrin;99190
matcha;98932
licorice extract;12811111
brown rice syrup;93784
jarlsberg cheese;93791
chorizo crumbles;99230
chili with beans;16059
sweet rice flour;10020061
lean corned beef;99030
vanilla frosting;10119230
wheat flatbreads;10018042
grape seed flour;99048
absinthe;99305
canned pineapple;9354
iceberg lettuce;11252
guajillo pepper;10011962
yellow cornmeal;35137
chuck steak;23145
broccoli sprouts;10011001
vegan mozzarella;10093701
piquillo pepper;98841
tangelo;1009218
tarragon vinegar;1042053
sugar in the raw;19908
soy yogurt;16252
swordfish steaks;15110
beef chuck roast;13786
brown rice flour;20090
bean curd sheets;98891
celery rib;10111143
hazelnut liqueur;93755
oyster mushrooms;11987
cooked crabmeat;15141
red pearl onion;10411282
sauvignon blanc;14134
vegan sour cream;93608
ground fenugreek;1002019
pink lady apple;1099003
cannellini beans;10716050
greens;21052
canned mushrooms;11264
maple syrup;19911
macaroni;20499
rigatoni;11220420
crushed tomatoes;11693
catfish fillets;15010
starchy potato;11353
candied cherries;93742
broccoli florets;10011090
green tea bag;13311111
mounds bar;19142
vodka;14051
flat iron steak;23059
clementine juice;1019221
cooked farro;10020006
pumpkin blossoms;11416
hazelnut meal;93810
creole seasoning;1002031
active dry yeast;18375
cipollini onions;10311282
green onions;11291
amaretto liqueur;10014534
lean ground lamb;17353
bitters;93653
beef round roast;23618
pork steaks;10010084
dried barberries;99100
rice chex;8064
flounder fillets;15028
chambord;10514534
cereal;8029
granulated onion;1002026
pretzel nuggets;99155
mustard;2046
breadcrumbs;18079
round tip steak;23636
cherry preserves;10619297
pork tenderloin;10218
beef tenderloin;23372
cooked manicotti;10220421
chicken bouillon;6480
new potato;10211352
venison shoulder;17346
pork loin chops;10062
clarified butter;93632
blanched almonds;12062
stevia;93628
sugar cookie mix;99205
buckwheat flour;20011
hard boiled egg;1129
wild blueberries;1009050
yellow wax beans;93711
dried bay leaves;2004
chorizo sausages;99231
cooked capellini;11720421
slivered almonds;10012061
red kuri squash;10511643
pie dough rounds;18334
poppyseed roll;10018353
peas and carrots;11322
limoncello;99021
dried lima beans;16071
roquefort cheese;1039
baby carrots;11960
white grapefruit;1019112
hersheys kisses;93743
popcorn kernels;25002
buttercup squash;10011643
flavored butter;1021001
virgin olive oil;1064053
canned asparagus;11015
chocolate flakes;10193645
dried onion;11284
black forest ham;93756
soy creamer;1067
dandelion greens;11207
hibiscus;14649
pepperoni slices;1007057
cubanelle pepper;10111821
chickpea pasta;99221
vegan mayonnaise;98975
saltine crackers;18228
asparagus;11011
provolone;1035
muscadine grapes;1009129
ground allspice;1022001
toffee bar candy;98978
green plantain;99294
black bean sauce;99210
chocolate chunks;10419903
strawberry jelly;11019297
southern comfort;93782
hot sauce;6168
superfine sugar;10519335
sandwich cookies;18166
onion dip;99209
pineapple rings;1009354
balsamic vinegar;2069
italian tomato;10211529
vegeta;98990
blackberry juice;10014623
golden cherries;98939
israeli couscous;10020028
framboise lambic;93720
long hot pepper;10611819
cod fillets;15015
cookie crumbs;10018192
dark brown sugar;10019334
flavoring syrup;10242040
cantaloupe balls;1009181
chicken schmaltz;1004542
corn chex;8019
orange marmalade;19303
flax oil;98934
yellow plantain;10099295
squash blossoms;11416
chilean seabass;93804
cookie butter;99011
anellini pasta;98884
fish sauce;6179
zucchini noodles;10111477
taco shells;18360
preserved lemon;99093
pointed cabbage;11750
flacourtia;99129
sugar free jelly;10143028
20 percent quark;99273
boiling potato;11355
cashew fruit;99109
red wine vinegar;1022068
wonton wrappers;10018368
seasoning mix;1032027
brussels sprouts;11098
seabass fillets;10015004
vanilla cake mix;18137
mandarin oranges;9218
cream of coconut;93745
strawberry puree;1009316
moringa leaves;99124
smoked ham hock;93669
mitsuba;99135
star anise;1012002
cooked spaghetti;11420421
blueberry bagel;10018005
liquid sucralose;10019868
persian cucumber;10011205
mackerel;15050
camembert;1007
cooked wild rice;20089
light soy sauce;10216124
bread dough;99063
red leaf lettuce;11257
pumpkin seed oil;99270
fresh bay leaves;1002004
bucatini;11620420
tamari;10116124
enchilado cheese;99220
leg of wild boar;10417158
unsalted peanuts;16390
monkfish fillets;15054
dried navy beans;16037
blackeyed peas;16063
dried green peas;16085
sourdough bread;10118029
40 percent quark;99272
dried tortellini;93726
oil packed tuna;15119
kalamata olives;1009195
apple jelly;10019297
shucked oysters;15167
veal loin chops;17104
cajun seasoning;1032028
canned tomatoes;10011693
chickpea leaves;99111
salt cod;15018
aloe vera juice;99095
baking potato;11353
pecorino;1038
pork loin;10225
honeydew melon;9184
chocolate curls;10119903
wild boar shank;10317158
bengal gram;99235
lambsquarters;11244
ground cinnamon;1012010
cooked ditalini;10020400
monkfish cheeks;10015054
safflower seeds;12021
canned mackerel;15048
hersheys cocoa;19165
pasta salad mix;99036
stinging nettle;35205
cavatappi;10320420
french dressing;4120
cashew milk;99088
grapefruit zest;1009156
custard powder;19169
vegetable juice;31008
kecap manis;10016124
whiting fillets;15132
orange;9200
taleggio cheese;93792
seedless grapes;9132
light olive oil;1054053
baby artichoke;93631
raw shrimp;10215149
braeburn apple;1009003
dried marjoram;1002023
maple flavoring;11111111
beef short ribs;10013149
thai fish sauce;1006179
tamarind juice;9437
pickling spices;1012001
creamed coconut;12177
grenadine;10042040
barnyard millet;99101
shredded cheese;1011026
squid ink pasta;99074
hokkien noodles;98967
top blade steak;13523
dr pepper;98974
fresh dill;2045
grill seasoning;1022034
white zinfandel;10214057
halloumi;93624
pineapple juice;9273
biscuits;18009
crawfish tails;15243
cardamom powder;1032006
saffron;2037
fenugreek seeds;2019
belgian endive;11151
salsa verde;27028
palm sugar;93831
greek seasoning;1012027
steak seasoning;1022034
cooked amaranth;20002
tamarind;1019322
whipped topping;42135
yellow cake mix;18144
ground espresso;10193715
corn husks;98922
banana blossoms;98987
baby corn;10011168
coarse sea salt;1012047
turkey sausage;7955
cornmeal;35137
alfalfa sprouts;10111001
juniper berries;93613
fresine;11820420
tortilla chips;19056
dried pineapple;93639
candied almonds;19858
orange juice;9206
grouper fillets;15031
grilling cheese;10093624
yellow tomato;11696
pudding mix;10119206
minute tapioca;93776
pizza seasoning;1052027
white chocolate;19087
manchego cheese;93821
orange tomato;11695
english muffin;18439
bone broth;98904
roasted chicken;5114
raspberry jelly;11419297
water chestnuts;11590
ice cream cone;18271
zucchini;11477
tortilla strips;98977
almond milk;93607
purple potato;10011352
chicken cutlet;1025062
oyster crackers;10018228
all bran cereal;8001
fresh anchovies;15001
raspberry sauce;10019137
cooked couscous;20029
lemon lime pop;14144
vegetable stock;6615
entrecote steak;10123232
chicken giblets;5115
cream of tartar;18373
canned sardines;15088
ahi tuna steak;15117
dungeness crab;15143
frozen biscuits;18009
wild boar chops;10017158
chicken tenders;1015062
caramel candy;19074
morel mushrooms;11240
stick margarine;1004073
pizza dough mix;98924
cooked linguine;10720421
anchovy fillets;15001
grilled chicken;1015114
ginger powder;2021
cranberry juice;43382
pasta sauce;10011549
mcintosh apple;1039003
bouillon powder;1006075
cheshire cheese;93666
english mustard;99289
elk roast;35177
lamb loin chop;17023
tubettini;10220499
sausage links;1037063
poblano pepper;10011333
tilapia fillets;15261
cheese ravioli;93832
walnuts;12155
root vegetable;10011298
cranberry beans;16020
long grain rice;10220444
corn on the cob;11167
coconut vinegar;98930
lo mein noodles;99027
russet potato;11353
red curry paste;93605
blueberry jelly;11219297
stewed tomatoes;11533
peach preserves;11319297
rosemary;2036
parmesan;1033
orange slices;1019200
lingonberry jam;93692
rice vermicelli;20133
bok choy leaves;10011116
chestnut flour;99016
licorice twists;99160
dried soybeans;16108
anaheim pepper;10031015
yellowfin tuna;15127
pumpkin seeds;12014
enchilada sauce;6599
milk substitute;10016223
cooked rigatoni;11220421
broccoli;11090
vanilla yogurt;1119
turkey gizzards;5173
snapper fillets;15101
baguette;18033
chicken breast;5062
turkey pastrami;7052
dried dill;2017
instant oatmeal;8640
tangerine juice;9221
farmer cheese;98933
water spinach;11503
dark sesame oil;1004058
adobo seasoning;1012020
agnolotti;98996
candied walnuts;93785
walnut pieces;10112155
tarragon;2041
velveeta cheese;1192
unsalted butter;1145
baby lima beans;11032
fresh mushrooms;11260
pork spare ribs;10010088
matzo;10018217
habanero chili;10011819
dark corn syrup;19349
fuyu persimmon;1009265
nabulsi;93687
brownie mix;18632
anisette;99206
tamarind leaves;99174
enoki mushrooms;11950
food color;10711111
lamb stew meat;17059
mezzelune;99143
apple pie spice;1042035
corkscrew pasta;11320420
chocolate glaze;19375
cinnamon stick;1002010
muenster;1030
corn muffin mix;10018022
halibut fillets;15036
canned zucchini;10011477
sheet gelatin;10019177
persimmon;9265
turkey kielbasa;7929
vienna sausage;7083
haddock fillets;15033
baby zucchini;11953
extra firm tofu;16163
cooked chicken;5114
turbinado sugar;19908
blueberry juice;14623
chocolate syrup;14181
beef strip loin;13923
white cornmeal;35136
roasted peanuts;16092
ground elk;17338
banana shallot;10011677
wasabi paste;10011990
spanish chorizo;99233
muscovado sugar;10219334
bacon drippings;4609
sugar snap peas;10011300
golden berries;99010
spice cake mix;18114
sola sweetener;99292
chili pepper;11819
fruit cocktail;9099
glutinous rice;10020054
mashed papaya;1019226
fresh lavender;93811
candied citron;1009426
muesli;42184
salami;7071
couscous;20028
chex mix;19033
avocado halves;1049037
roasted garlic;10311215
red grapefruit;1009112
venison steak;10117345
oregano;2027
turkey berries;99177
moringa powder;99125
green tomato;11527
lemon cake mix;10018144
coconut aminos;98929
whole milk;1011077
black licorice;98851
pork seasoning;1072034
ground chicken;5332
dessert shells;98852
paprika;2028
olive tapenade;98862
sparkling wine;43155
pumpkin leaves;11418
dark chocolate;19904
amaranth;20001
diet coke;14146
apricot nectar;9036
baby eggplant;10011209
cardamom pods;1002006
soy butter;98900
quinoa pasta;99062
sugar free jam;10043028
farfalle tonde;10120421
ditalini;10020499
black cherries;9063
radish sprouts;11676
mexican crema;93772
concord grapes;1009132
salmon fillets;10115076
1 percent milk;1082
coconut butter;93746
tri tip steak;10013954
lobster;15147
cornbread mix;18022
pigeon breasts;5162
kielbasa;7059
kimchi;98860
havarti;93838
seasoned salt;1042047
smoked paprika;1012028
turkey giblets;5171
mustard greens;11270
gruyere;1023
red cabbage;11112
black currants;9083
cinnamon sugar;10219335
munster;1001030
pistachio nuts;12151
fresh marjoram;10011297
corn tortilla;18363
candied fruit;98925
dried currants;9085
turkey breast;5696
fine cornmeal;35137
sandwich bun;18353
semolina flour;10020066
spinach;10011457
globe eggplant;11209
marinara sauce;10111549
tzatziki;93777
dry yeast;18375
pork escalopes;98960
hazelnut flour;93810
lavender syrup;10342040
empanada dough;93734
lavender honey;10019296
smoked haddock;15035
arugula;11959
orange bitters;10093653
french mustard;99290
palm oil;4055
tortilla;18364
crocodile meat;99120
white cake mix;10118137
fresno pepper;10011979
lamb rib chops;17032
daikon sprouts;10011676
pearl barley;20005
gigante beans;10416050
shirataki rice;99085
cayenne pepper;2031
flavored sugar;10619335
endive;11213
scotch whiskey;10014052
golden raisins;9297
chicken thighs;5091
cooked lentils;16070
pasilla pepper;11982
shiso leaves;10311111
hubbard squash;11489
diet root beer;10014146
collard greens;11161
chicken hearts;5025
bourbon;10014037
guinness;93619
dried tarragon;1002041
pecan pieces;10012142
lettuce leaf;93623
bramley apple;1019003
sandwich thin;99165
banana extract;14211111
chayote;11149
canned lentils;10016070
elk tenderloin;10017166
edible flowers;10011416
peach schnapps;93736
sweet potato;11507
turkey gravy;6326
whipping cream;1001053
nori;11446
ground clove;2011
brewers yeast;99195
hearts of palm;43392
fresh sardines;10093703
plum preserves;10919297
italian bread;10028033
halibut steaks;15036
coffee extract;13111111
squid tubes;10015175
pork and beans;16009
red tea bag;13511111
chipotle paste;99208
dry white wine;14106
parsley;11297
frozen spinach;11463
marie biscuits;10018173
rotini;11320420
balsamic glaze;98998
bartlett pear;9412
bottled garlic;10011215
vidalia onion;11294
banana pepper;11976
milk chocolate;19081
cream of wheat;8104
fontina cheese;1020
falernum syrup;99316
low carb bread;99248
chickpea penne;10199221
beef stew meat;10023618
frozen waffles;28015
tostada shell;18952
sirloin steak;23625
granola;8212
french lentils;99240
chickpeas;16057
black tea bag;10111111
kamut;20138
demerara sugar;10019908
sweet gherkins;11940
reeses pieces;10019151
turmeric paste;99178
sliced almonds;10112061
seasoned flour;98980
pretzel twists;10219047
canned herring;15042
blackberry jam;10419297
jalapeno jelly;93685
cheddar cheese;1009
annatto;93648
borlotti beans;10016020
candied pecans;93783
fish seasoning;1092034
lump crabmeat;10115136
bratwurst bun;10118350
gnocchi;98853
roselle fruit;9311
mashed banana;1009040
chokeberries;99113
onion powder;2026
bread bowls;99169
mustard powder;1002024
coconut flakes;12108
brut cava;99315
ketchup;11935
macadamia nuts;12131
ipa;10614003
hawaiian bread;98947
elbow macaroni;10120499
hazelnut milk;99132
mangold;10011086
orange liqueur;10414534
white potato;10111362
avocado slices;1019037
avocado leaves;13211111
pickled daikon;10011430
grape seed oil;4517
spices;2035
cooked pasta;20421
pork rib roast;10044
cannoli shells;98983
stuffing;18082
tapioca;20068
whole chicken;5006
canned chicken;5311
browning sauce;93768
creme de cacao;93712
ground savory;2039
bottled ginger;10011216
beef soup bone;10511111
ciabatta roll;93699
pretzel sticks;10119047
finger chili;10211819
seitan cutlets;93654
ground sirloin;10023567
nopales;11963
cinnamon roll;99020
blue spirulina;99299
cooked bulgur;20013
sweet cherries;1009070
plaice;99283
grape tomato;10111529
mexican cheese;1251
ciabatta;93655
pangasius;99158
hass avocado;1039037
cheese pumpkin;10011422
mache;11190
pickled ginger;10111216
chicken liver;5027
whole tomato;10711529
bouillon cube;1026076
cooked gemelli;10420421
lemon juice;9152
burrata;93617
cushaw squash;10011641
ground venison;17343
vanilla powder;93812
salad dressing;4114
creole mustard;1002046
banana liqueur;93779
quorn crumbles;98919
mixed fruit;9431
kabocha squash;10311643
cracker crumbs;10018621
red onion;10011282
paratha;99217
celery leaves;10011143
potato leaves;99154
black walnuts;12154
challah;18027
lacinato kale;10011233
lime juice;9160
tubetti;10320499
lamb shoulder;17047
dried lentils;10416069
navel orange;9202
oaxaca cheese;98989
blood orange;1009200
mango extract;11011111
bouquet garni;1012023
bitter gourd;11024
mixed berries;9054
bamboo shoots;11028
shell topping;99015
hot dog bun;10018350
black treacle;93774
maple extract;12111111
jamon serrano;93680
turnip greens;11568
green cabbage;11109
roma tomato;10211529
raisins;9299
edamame;99296
pico de gallo;27027
venison chops;10017345
huckleberries;35043
gammon steak;10010014
barley flakes;98889
pork knuckle;98867
coconut cream;12115
pointed gourd;99152
frozen yogurt;93629
salted butter;1001001
rabbit meat;17177
pasta ribbons;11920420
t bone steak;23003
cluster bean;99114
coconut wrap;99066
coleslaw mix;10011109
sea vegetable;11445
beef ravioli;22900
seitan steaks;93654
peanut oil;4042
langsat;99139
cashew butter;12088
green papaya;1009226
almond butter;12195
sugar alcohol;10098887
diced venison;10017164
peanut butter;16098
fusilli;11320420
amchar masala;10293663
daikon radish;11430
passion fruit;9231
galangal;93656
ribs;23236
chicken gravy;6999
mango chutney;10119297
green mango;1019176
dried coconut;12108
salmon caviar;15072
orange roughy;15073
liquid stevia;10811111
brown lentils;10116069
romano cheese;1038
charoli seeds;99110
summer savory;98961
liquid pectin;42063
bison steak;17337
diet pop;14146
dark molasses;19304
vanilla bean;93622
cracked wheat;93684
custard apple;99122
garlic powder;1022020
bonito flakes;98898
canned salmon;15260
mini m&ms;19157
chicken broth;6194
picante sauce;1006164
anise extract;10611111
tamarillo;99173
caper berries;1002054
perch;15060
boysenberries;9057
radish leaves;99157
turkey thigh;98913
soymilk;16223
aleppo pepper;1062009
finger millet;99128
suze;99325
rack of lamb;17029
chicken bones;11711111
honey mustard;99227
broccoli rabe;11096
garlic scapes;93750
yellow onion;10511282
arborrio rice;10020052
cassava flour;98927
chai tea bag;13711111
wheatberries;98872
wasabi powder;10111990
hemp oil;99134
toffee;10019383
bilimbi fruit;99102
turkey hearts;5175
meatloaf mix;98865
dragon fruit;93662
sorghum flour;20648
blackberries;9042
tapioca syrup;98888
mixed spice;1022035
rice bran oil;4037
baby bok choy;93636
whole coconut;99238
tabasco sauce;1026168
writing icing;14411111
nutmeg;2025
cashew halves;12087
espresso;14210
mineral water;14384
black vinegar;1012053
brut prosecco;99307
earl grey;10214355
creme fraiche;1001056
zinfandel;14102
celery flakes;44055
paneer;98847
pickled beets;11084
toffee pieces;19383
pawpaw;99280
rainbow trout;15115
fat free milk;1085
raspberry jam;10719297
dried epazote;13011111
chicken stock;6172
avocado cubes;1029037
fregula;12320420
mustard seeds;2024
pineapple jam;10219297
broccoli slaw;11741
sugar pumpkin;11422
kraft singles;1190
instant yeast;10118375
royal porgy;15090
soft pretzels;43109
caraway seeds;2005
margarita mix;93815
liverwurst;7041
lemon essence;11411111
powdered milk;1090
fresh herring;15039
beef bouillon;1016008
cooked rotini;11320421
asiago cheese;1001033
tangelo juice;1009221
walnut halves;10212155
grand marnier;10314534
smoked salmon;15077
annatto seeds;10093648
lemon extract;12311111
blueberry jam;11119297
gelling sugar;99271
golden syrup;93829
tomato slices;10511529
spam;7908
challah roll;99189
winter squash;10111485
plain doritos;19056
coconut flour;93747
coconut water;12119
fat of choice;1004513
sunflower oil;4584
pistachio oil;93800
fresh epazote;10098908
sweet pickles;11940
banana leaves;10011111
vanilla sugar;10319335
thin baguette;18033
seafood stock;6963
bulgur;20012
runner beans;10011052
pomfret;99153
anjou pear;1009252
tamarind pulp;1009322
garam masala;93663
anchovy paste;10015002
goat cheese;1159
jamon iberico;93681
savoy cabbage;11114
long pepper;99141
penne;11120420
spring onions;11291
instant grits;8092
cooking spray;4679
lucuma powder;98994
cotija cheese;1001019
sweet paprika;1002028
refried beans;16202
dried peaches;9246
cornmeal mix;20024
tri tip roast;13958
palmyra;99150
fennel pollen;93808
canned sprats;93708
whipped cream;1054
baking powder;18369
summer squash;11641
pork sausage;1007063
waxy potato;11355
salmon steak;10015076
clotted cream;93665
trout fillets;15114
lobster tails;10015147
alcohol;14037
lingonberries;35030
potato chips;19411
single cream;1001052
beef consomme;1026008
almonds;12061
medjool dates;9421
glucose syrup;99194
bison roast;17156
fig jam;11519297
plum tomato;10411529
quinoa flakes;93816
shaoxing wine;43479
hake;98956
poached egg;1131
kirsch;10614037
green olives;1029195
kahlua;93716
hot dogs;21118
curry leaves;93604
golden beet;10011080
udon noodles;98966
ginger juice;93752
pigeon;5160
pine nuts;12147
shrimp stock;6963
pearl onion;10111282
kidney beans;16033
black olives;1059195
tomato puree;11547
black grapes;9129
turkey liver;5177
dry red wine;14097
curly endive;11152
venison loin;17345
oatmeal;8121
fatback;10004
pork cutlets;10010066
pasta shells;11020420
marshmallows;19116
beef kidney;13323
bottle gourd;99105
meyer lemon;1009150
peach nectar;9251
tomato pesto;93697
sweet pepper;10211821
canned beans;10216034
duck breast;98912
sumac;10211111
grape leaves;11974
hoisin sauce;6175
pork kidney;10106
strawberries;9316
nilla wafers;18609
green prawns;10015149
plum vinegar;98954
thyme;2049
oyster sauce;6176
spanish rice;99298
pastry dough;10018338
pretzel rods;10019047
grain blend;10020088
corona beans;10816050
betel leaves;99131
graham flour;98886
brioche bun;10093730
colby cheese;1011
frozen pizza;21224
potato salad;22971
dry riesling;14132
mango nectar;9436
gouda;1022
sea cucumber;35070
cocoa powder;19165
corn kernels;11172
coarse sugar;10019335
green apple;1069003
lavash bread;93722
peanut flour;16100
pastry flour;10020080
bay scallops;15172
manila clams;10015157
pear liqueur;98988
cherry juice;93677
whole clove;1002011
slider buns;93646
ajwain;99017
fennel bulb;11957
cream sherry;10214106
amaro;99311
dry vermouth;10099302
fleur de sel;1022047
ginger paste;93754
bagel chips;99098
goji berries;98863
sweet onion;11294
fried onions;93709
white onion;10611282
pimms;99323
turkey necks;5179
carob powder;16055
langoustines;10015243
lillet blanc;93786
puffed rice;8156
crusty roll;18349
millet flour;20647
mango sorbet;10193691
barley flour;20130
chablis;10014160
orgeat syrup;99312
fruit slices;10019106
kelp noodles;99081
mint chutney;98991
ziti;11520420
madeira;10014106
turkey broth;1016194
liquid smoke;93627
quinoa flour;93773
cheese curds;98921
liquid honey;10419296
almond flour;10093740
lobster meat;10115147
quark;93676
almond paste;12071
rice noodles;20133
chicken feet;5335
agave;19912
toast;18070
chili beans;43112
round steak;23617
winged bean;11599
peach sorbet;10293691
smoked trout;15214
amchoor;98964
carrot juice;11655
sugar apple;9321
guava nectar;9435
dried apples;9011
chicken base;6080
dried shrimp;10093657
purple plum;9279
gooseberries;9107
dry couscous;10120028
au jus;6996
burdock root;11104
bell pepper;10211821
butterscotch;19085
adzuki beans;16002
fish fillets;10115261
lemon sorbet;10093691
chaat masala;10393663
red currants;9084
crusty bread;10018029
napa cabbage;11119
cooked rice;10220445
tomato juice;11886
simple syrup;90480
pomegranate;1009286
muscovy duck;1005139
stock powder;1016075
marsala;14057
white pepper;2032
tomato paste;11887
wondra flour;93739
veal cutlet;17094
whole turkey;5165
niger seed;99148
canned beets;11609
durian;9422
tartar sauce;27049
striped bass;10115004
pesto;93698
ginseng root;99130
flank steak;23657
comte;1001023
ground thyme;1032042
turkey bacon;42130
pearl millet;99151
hazelnut oil;4532
fresh chives;11156
fresh nutmeg;1002025
celery seed;2007
lemon wedge;1029150
wheat flakes;8028
pork roast;10010225
cooked grits;8164
dessert wine;10014057
soybean oil;1004669
stuffing mix;18081
tater tots;11398
canola oil;1014582
whole rabbit;17180
red snapper;15101
tomato sauce;11549
dried chives;11615
turkey stock;1006172
sapote;9314
dill pickles;10011937
seitan;93654
baking mix;18010
garlic paste;10111215
elk sausage;10017338
cookies;10118192
cream cheese;1017
basmati rice;10020444
butter beans;10116072
soba noodles;20114
potato bread;18971
potato roll;93705
sour cream;1056
beef brisket;13023
blueberries;9050
french bread;18029
banana bread;18019
malt vinegar;1002053
black pepper;1002030
candied nuts;10093785
wine vinegar;2068
guava shells;98984
falsa;99127
scallops;10015172
acorn squash;11482
longan;9172
pastry cream;10019170
bison;10017149
green grapes;1019132
cacao powder;19165
aji amarillo;10311819
greek olives;1019195
liver cheese;98920
matzo meal;18217
jasmine rice;10120444
venison ribs;93643
black quinoa;10020035
lamb cutlets;17239
cooked spelt;20141
double cream;1011053
elderberries;9088
banana chips;19400
fennel seeds;2018
texas toast;98915
ridge gourd;99162
pear nectar;9262
rum extract;12211111
mini bagel;10018408
beef shank;13227
raspberries;9302
pork shank;10018
file powder;11311111
pita;18413
runny honey;10219296
banana;9040
guinea fowl;5151
lamb shanks;17009
fruit juice;1029016
garlic salt;1062047
beef liver;13325
clear honey;10119296
black plum;9279
coarse salt;1002047
lollo rosso;11257
raw cashews;12087
canned tuna;10115121
sword beans;99172
celeriac;11141
xanthan gum;93626
mint;2064
truffle oil;1024053
anise;2002
ground sage;1012038
andes mints;98917
maca;99079
shiraz;14100
adobo sauce;6979
ghee;93632
blue cheese;1004
brie;1006
guava juice;93678
maple sugar;19340
cantaloupe;9181
ripe olives;9195
gala apple;1109003
feta cheese;1019
edam cheese;1018
clear glaze;99274
spaghettini;12520420
turkey leg;5193
dried thyme;2042
tagliatelle;10220409
spice paste;10293605
brazil nuts;93710
onion roll;99061
soured milk;1001077
neem leaves;99146
rye berries;99136
red lentils;10016069
celery salt;1052047
egg whites;1124
ginger;11216
lemon sugar;10119335
biscuit mix;18010
chili paste;6973
tonic water;14155
citric acid;93789
beef hearts;13321
dried herbs;1022042
fresh pasta;20093
kelp flakes;93717
fresh yeast;18374
cooking oil;4582
grapefruit;9112
ground pork;10219
yacon syrup;93806
canned peas;11306
pancake mix;18292
ponzu sauce;93729
rooibos;10114355
skate wings;93835
lotus root;11254
cedar plank;11911111
eggbeaters;93833
pigeon peas;16102
avocado oil;4581
starch;10020027
neem fruit;99145
veal shank;17276
curry paste;93605
pinto beans;16043
lychee;9164
tart apple;1029003
yeast water;14511111
brown sugar;19334
cauliflower;11135
buttermilk;1230
tart shells;98852
horseradish;1002055
canned fish;15048
leg of lamb;17013
whole goose;93714
wensleydale;93667
hemp seeds;93602
lemon basil;1002044
tonka beans;14311111
katsu sauce;98997
spelt flour;93823
grape jelly;10519297
apricot jam;19719
sugar cubes;10419335
jobs tears;99115
veal liver;17202
cooked ziti;11520421
wasabi peas;93719
bread cubes;10018064
snake gourd;99163
orange peel;9216
silken tofu;16161
apple cider;1009016
ground lamb;17224
corn starch;20027
mung beans;16080
dried pears;9259
nut butter;12195
turkey meat;5167
lime leaves;93633
white beans;10516050
rose apple;9312
crispbread;18216
spiny gourd;99170
prunes;9291
tengra;99175
canned corn;11177
short pasta;20499
boston butt;10084
candy cane;93759
soppressata;1007071
carob chips;19071
skirt steak;23167
sherry;10214106
wheat flour;20081
dried beans;10116032
khesari dal;99138
chili sauce;6972
country ham;10110151
ginger ale;14136
baby shrimp;10315149
ribbon fish;99161
corned beef;13346
kosher salt;1082047
beet greens;11086
pizza sauce;11549
ginger beer;10014136
steak sauce;27048
lime wedge;1029159
edible gold;12611111
tomato soup;6159
white bread;18069
chex cereal;8082
ground veal;17142
grape juice;9135
sticky rice;10120054
popcorn;19034
petite peas;11304
baked beans;16009
whiskey;14052
duck liver;5143
spice drops;19106
brown gravy;6998
elderflower;11211111
moscato;14140
alum;10118369
cooked pork;10073
corn cereal;8020
bombay duck;99104
lemon thyme;1002049
clementine;9433
irish cream;93764
swiss chard;11147
coconut rum;99317
goose liver;5150
frozen corn;11913
mustard oil;4583
kiwi;9148
green pesto;93698
whole duck;5139
basil pesto;93698
sponge cake;10018133
taro leaves;11520
cranberries;9078
light cream;1052
lime slice;1019159
lemon grass;11972
fava beans;16053
poppy seeds;2033
pork liver;10110
goat milk;1106
wax chilies;98910
egg noodles;20409
soy pudding;93700
rock shrimp;10515149
red mullet;15055
apple juice;9016
pearl sugar;99218
cashews;12087
sprouts;11001
jelly beans;19108
ground mace;2022
fresh fruit;9431
sago;99164
sage;99226
dried sage;2038
flatbread;10018413
salt;2047
irish moss;11444
caerphilly;93667
croissant;18239
white wine;14106
bael fruit;99097
tortellini;93727
white corn;11901
candy corn;93637
buckwheat;20008
pea shoots;98945
acai juice;98896
lamb liver;17199
rice flour;20061
cornbread;18023
egg yolk;1125
pepsi;10014400
pork belly;10005
sushi rice;10220054
pear juice;43408
mayonnaise;4025
pecans;12142
smoked ham;7216
pinot noir;14099
fuji apple;1049003
erythritol;98887
chardonnay;14160
milk;1077
moth bean;99144
elk steak;10035177
beef bone;11611111
light beer;14006
pound cake;18133
flaxseed;10012220
vegetable;11583
veal stock;1006170
peanuts;16091
yuzu;93702
black rice;10020036
muskmelon;98936
whitebait;93805
table salt;2047
egg;1123
white rice;10220444
pork stock;1016170
roast beef;93713
dry sherry;10114106
ham hock;93669
onion salt;1072047
quail eggs;1140
nonpareils;93645
tea bag;10111111
black bass;15003
artichoke;11007
plum sauce;6151
spare ribs;10088
hummus;16158
lemon sole;10015028
red grapes;9132
mint jelly;93683
lamb stock;10098844
turkey fat;4575
lamb bones;12911111
demi glace;93612
cuttlefish;15163
fresh peas;11304
triple sec;14534
light rum;99320
cherry jam;10619297
corn chips;19003
cheese dip;1188
jackfruit;9144
pineapple;9266
wheat germ;20078
ham steak;10149
navy beans;16038
areca nut;99096
green peas;11304
soy sauce;16124
snow peas;11300
gem squash;10111641
dried figs;9094
cassava;11134
cookie mix;98856
orzo;10920420
beef jerky;19002
fresh figs;9089
veal chops;17104
boiled ham;7214
starfruit;9060
lamb chop;17305
gherkins;11941
couverture;99277
light tuna;15184
panela;10099002
pork broth;1006194
bay leaves;2004
sobrasada;98992
pita chips;25037
limonia;99140
mango pulp;93688
maui onion;11294
bacon bits;43212
breadfruit;9059
beet;11080
baby leeks;10011246
veal bone;13811111
beef gravy;6997
walnut oil;4528
pork bone;11811111
beef cubes;10023618
tomatillos;11954
sauerkraut;11439
fish;10115261
rose water;10411111
shark;15095
mulberries;9190
lemon peel;9156
chia seeds;12006
wheat beer;10214003
eggplant;11209
long pasta;12620420
fettuccine;10020409
beef broth;6008
boquerones;15001
mangosteen;93661
steak;23232
beef stock;6170
broccolini;98840
lima beans;16072
spring mix;10021052
knackwurst;7038
cocoa nibs;98846
corn syrup;19350
cream soda;14130
naan;93723
rice cakes;19816
dill seed;2016
icing;10019230
swordfish;15110
soy cheese;93701
star apple;99171
shortening;4615
grits;8160
candlenuts;98958
lemon balm;1012064
weisswurst;93664
prosciutto;10010123
cooked ham;10802
lotus seed;12013
nectarine;9191
fish stock;6963
rice milk;93761
frangelico;10093755
chai spice;1012035
thai basil;1012044
clam juice;14187
mortadella;7050
fresh tuna;10015117
tiger nuts;99266
red apple;1079003
lemon curd;93834
pork chops;10010062
bosc pear;1019252
meatballs;10110219
yuzu juice;93682
black drum;15024
slab bacon;10210123
amla;99168
bee pollen;93603
salmon roe;15072
brown rice;20040
baby beets;10111080
dried mint;2066
oat flakes;98899
spiced rum;99319
stout;93619
tia maria;10093716
lamb loin;10017026
crabmeat;10015136
ash gourd;99179
hare;98877
pot roast;23612
focaccia;93837
chili oil;1014053
coriander;1012013
diet cola;14146
lime zest;1009159
salt pork;10165
wild fish;10015036
root beer;14157
mincemeat;93706
agar;11663
rye bread;18060
dark beer;10014003
red glaze;10099274
pimiento;11943
pork ribs;10110088
chia egg;10012006
partridge;93672
osso buco;17276
olive oil;4053
dry cider;93807
raw sugar;19908
wild rice;20088
black tea;10214355
tofu;16213
sea bream;93614
flounder;15028
cilantro;11165
coca cola;14400
mushrooms;11260
raw honey;10319296
taro root;11518
suet;13335
ice cubes;10014412
chocolate;19081
bluefish;15005
hemp milk;98874
saucisses;7065
oat milk;99149
lime curd;98902
plantain;99295
dill;2045
avocado;9037
salad oil;1004582
sprinkles;93645
red pesto;93697
corn;11168
manicotti;10220420
anchovies;15001
marmalade;19297
guanciale;93799
flax egg;10112220
heath bar;98978
duck eggs;1138
soybeans;16409
red plum;1009279
cointreau;99303
crawfish;15243
beef base;1016076
preserves;19297
rock salt;1112047
triticale;20069
grape jam;10519297
lemon oil;10911111
foie gras;1005150
goose fat;4576
duck leg;5317
red beet;11080
chestnuts;12098
ez sweetz;10119868
ice cream;19095
rice wine;43479
lime peel;1009159
gum drops;19106
diced ham;99186
boar;17158
sablefish;15019
spirulina;11667
capicola;93679
rockfish;15070
carp;15008
whitefish;10015261
port wine;10114057
cava;10099315
guacamole;1009037
fine salt;1092047
rosehips;35203
rice bran;20060
radicchio;11952
frog legs;80200
mahi mahi;15023
champagne;10043155
wax beans;93711
hazelnuts;12120
allspice;2001
firm tofu;10016213
sucralose;10019868
wild leek;93793
rutabaga;11435
green tea;10014355
passata;10011547
cake mix;10018137
marjoram;2023
verjus;93757
cod;15015
chicken;1015006
oxtail;93778
kumquat;9149
currants;9085
cabbage;11109
rib tips;98937
ham bone;12011111
jujubes;9147
iced tea;14475
allulose;99293
radish;11429
frosting;19230
pumpkin;11422
sea salt;1012047
monkfish;15054
gomashio;98955
schmaltz;1004576
lemonade;99184
bok choy;11116
twix;19160
elk;17166
sherbet;19097
potato;11352
mirepoix;98957
okara;16130
dark rum;10914037
caviar;15012
gelatin;19177
guar gum;93765
vermouth;99302
jicama;11603
samphire;99282
linguine;10720420
culantro;10011165
scrapple;7951
pretzels;19047
tomato;11529
semolina;20066
oat bran;20033
cardamom;2006
pomelo;9295
choy sum;99215
grouper;15031
prosecco;99309
croutons;18242
escargot;90560
ravioli;93832
crackers;18621
reindeer;17162
snapper;15101
craisins;1009079
red wine;14096
poussin;1025006
crostini;10018033
pheasant;5153
molasses;19304
chai;10314355
rye beer;10314003
rambutan;93659
rye meal;98905
hp sauce;99288
cinnamon;2010
pancetta;10410123
calvados;10214037
mexicorn;11176
seabass;10015004
galliano;93780
ahi tuna;10115117
squid;15175
biscotti;98843
sardines;15088
shallot;11677
cherries;9070
riesling;14132
parsnip;11298
catfish;15010
kohlrabi;11241
herring;15039
licor 43;99322
tostadas;18952
pork fat;4002
corn oil;42289
bottarga;99285
apricot;9021
redfish;10015024
duck fat;4574
bouillon;1006008
drambuie;99187
pastrami;7925
sausage;1017063
vinegar;2053
ramson;93793
pils;10514003
lentils;10316069
oysters;15167
legumes;16069
halibut;15036
genever;99324
campari;93788
biltong;98943
mango;9176
chervil;2008
gemelli;10420420
sucanat;19908
quince;9296
bologna;7008
seaweed;11445
splenda;10019868
peppers;10111333
sambuca;99219
chorizo;99233
sugar;19335
loquat;9174
cockles;35028
custard;19170
shrimp;15270
salsa;6164
venison;17164
whiting;15132
peach;9236
mussels;15164
turnip;11564
sorghum;20067
rhubarb;9307
polenta;10035137
porgy;15090
xylitol;99005
epazote;98908
kidney;13323
caramel;19074
cachaca;93787
berries;1009054
mct oil;99244
vanilla;1052050
limeade;99185
coconut;12104
papaya;9226
tilapia;15261
brioche;93730
carrot;11124
pasta;20420
curacao;99029
octopus;15166
eggnog;1057
tequila;99314
mesclun;21052
chianti;14108
harissa;1006972
yogurt;1116
lettuce;11252
jaggery;99002
feijoa;9334
haddock;15033
pickles;11937
tempeh;16114
nougat;43046
hominy;20030
sorrel;93621
pepper;1002030
bagel;18408
celery;11143
pluot;98931
broth;1006615
barley;20004
sorbet;93691
millet;20031
quinoa;20035
wakame;11669
pectin;19310
brandy;10114037
wasabi;11990
merlot;14602
mezcal;10199314
cumin;1002014
cheese;1041009
aperol;99304
butter;1001
fennel;11957
pernod;14551
tinda;99176
porter;93619
grouse;93673
capers;2054
sprats;93703
onion;11282
citron;10093702
coffee;14209
garlic;11215
fruit;9431
squash;10011485
gammon;10014
crepes;93732
olives;9195
mizuna;10011270
chives;11156
turbot;15129
guava;9139
crisco;1004615
clove;1002011
grapes;9132
cognac;10414037
salmon;15076
grappa;93809
tuna;10015121
jelly;19297
ackee;93693
dates;9087
shoyu;16123
dulse;93615
dashi;1006963
speck;10110123
seeds;93818
yeast;18375
juice;1019016
spelt;20140
gravy;6997
farro;10020005
katuk;99137
liver;13325
herbs;1002044
kombu;11445
skate;99167
brine;93798
clams;15157
plum;9279
raita;1011116
honey;19296
quail;5157
lime;9159
mirin;93830
wrap;10018364
ramps;93793
pear;9252
stock;1006615
basil;2044
fudge;19100
cream;1053
okra;11278
lager;10114003
khoa;99090
duck;5139
pisco;99313
bread;18064
jamon;93680
goose;93714
boule;98907
leek;11246
sake;43479
pike;98906
teff;20142
bran;20077
nuts;12135
eel;15025
rice;20444
veal;17142
kelp;11445
oats;8120
wine;14084
peas;11304
lamb;10017224
yam;11601
meat;1065062
beer;14003
beef;23572
sole;10115028
figs;9089
pork;10010219
crab;15136
ouzo;10714037
kale;11233
tea;14355
gin;10514037
ham;10151
ice;10014412
ale;10414003
jam;19297
rum;11114037